Park,Location,Zip Code,Park_Class
MCGUANE (JOHN),2901 S POPLAR AVE,60608,COMMUNITY PARK
ARMOUR (PHILIP) SQUARE,3309 S SHIELDS AVE,60616,COMMUNITY PARK
FULLER (MELVILLE),331 W 45TH ST,60609,COMMUNITY PARK
CORNELL (PAUL) SQUARE,1809 W 50TH ST,60609,COMMUNITY PARK
RUSSELL (MARTIN) SQUARE,3045 E 83RD ST,60617,COMMUNITY PARK
SHERMAN (JOHN),1307 W 52ND ST,60609,REGIONAL PARK
DAVIS (DR. NATHAN) SQUARE,4430 S MARSHFIELD AVE,60609,COMMUNITY PARK
OGDEN (WILLIAM),6500 S RACINE AVE,60636,REGIONAL PARK
HAMILTON (ALEXANDER),513 W 72ND ST,60621,REGIONAL PARK
CALUMET,9801 S AVENUE G,60617,CITYWIDE PARK
WASHINGTON (GEORGE),5531 S DR MARTIN LUTHER KING J,60637,CITYWIDE PARK
NINEBARK,1447-1453 S HARDING AVE,60623,MINI-PARK
MARQUETTE (JACQUES),6734 S KEDZIE AVE,60629,CITYWIDE PARK
BESSEMER (HENRY),8930 S MUSKEGON AVE,60617,REGIONAL PARK
PALMER (POTTER),200 E 111TH ST,60628,REGIONAL PARK
CHOPIN (FREDERIC),3420 N LONG AVE,60641,COMMUNITY PARK
GRAND CROSSING,7655 S INGLESIDE AVE,60619,REGIONAL PARK
TRUMBULL (LYMAN),2400 E 105TH ST,60617,REGIONAL PARK
MANN (JAMES),3035 E 130TH ST,60633,REGIONAL PARK
TULEY (MURRAY),501 E 90TH PL,60619,REGIONAL PARK
JACKSON (ANDREW),6401 S STONY ISLAND AVE,60637,MAGNET PARK
GAGE (GEORGE),2415 W 55TH ST,60629,REGIONAL PARK
MCKINLEY (WILLIAM),2210 W PERSHING RD,60609,REGIONAL PARK
GRANT (ULYSSES),331 E RANDOLPH ST,60605,MAGNET PARK
FOSTER (J. FRANK),1400 W 84TH ST,60620,REGIONAL PARK
BURNHAM (DANIEL),425 E MCFETRIDGE DR,60616,MAGNET PARK
AVALON,1215 E 83RD ST,60619,REGIONAL PARK
RAINEY (EDWARD),4350 W 79TH ST,60652,REGIONAL PARK
NORTHERLY ISLAND,1400 S LYNN WHITE DR,60605,MAGNET PARK
GOMPERS (SAMUEL),4222 W FOSTER AVE,60630,REGIONAL PARK
BOHN (HENRY),1978 W 111TH ST,60643,PASSIVE PARK
CRESCENT,2230 W 108TH PL,60643,COMMUNITY PARK
KENNEDY (DENNIS),11320 S WESTERN AVE,60655,COMMUNITY PARK
CRAWFORD (PETER),1516 S KARLOV AVE,60623,MINI-PARK
FIELD (EUGENE),5100 N RIDGEWAY AVE,60625,COMMUNITY PARK
KIWANIS,3315 W CARMEN AVE,60625,PASSIVE PARK
ADA (SAWYER GARRETT),11250 S ADA ST,60643,REGIONAL PARK
PROSPECT GARDENS,10970 S PROSPECT AVE,60643,PASSIVE PARK
ALMOND,2234 W 115TH ST,60643,PASSIVE PARK
MONUMENT,6700 N AVONDALE AVE,60631,NEIGHBORHOOD PARK
ORIOLE,5430 N OLCOTT AVE,60656,REGIONAL PARK
OLYMPIA,6566 N AVONDALE AVE,60631,COMMUNITY PARK
KOSCIUSZKO (THADEUZ),2732 N AVERS AVE,60647,COMMUNITY PARK
BROOKS (OSCAR),7046 N HARLEM AVE,60631,COMMUNITY PARK
EDISON (THOMAS ALVA),6755 N NORTHWEST HWY,60631,NEIGHBORHOOD PARK
FERNWOOD,10436 S WALLACE ST,60628,COMMUNITY PARK
EUCLID,9800 S PARNELL AVE,60628,COMMUNITY PARK
FOREST GLEN,5073 W BERWYN AVE,60630,MINI-PARK
HOLLYWOOD,3312 W THORNDALE AVE,60659,COMMUNITY PARK
ATHLETIC FIELD,3546 W ADDISON ST,60618,NEIGHBORHOOD PARK
AVONDALE,3516 W SCHOOL ST,60618,COMMUNITY PARK
JENSEN (CHRIST),4600 N LAWNDALE AVE,60625,NEIGHBORHOOD PARK
INDEPENDENCE,3945 N SPRINGFIELD AVE,60618,COMMUNITY PARK
KILBOURN,3501 N KILBOURN AVE,60641,COMMUNITY PARK
KOLMAR,4143 N KOLMAR AVE,60641,NEIGHBORHOOD PARK
MAYFAIR,4550 W SUNNYSIDE AVE,60630,NEIGHBORHOOD PARK
NORTH MAYFAIR,4537 W CARMEN AVE,60630,NEIGHBORHOOD PARK
ROSEDALE,6312 W ROSEDALE AVE,60646,COMMUNITY PARK
GLADSTONE (WILLIAM),5421 N MENARD AVE,60630,NEIGHBORHOOD PARK
HURLEY (TIMOTHY),1901 W 100TH ST,60643,NEIGHBORHOOD PARK
JEFFERSON (THOMAS) MEML.,4822 N LONG AVE,60630,COMMUNITY PARK
ROBERTS (DANIEL) SQUARE,5230 W ARGYLE ST,60630,NEIGHBORHOOD PARK
LINCOLN (ABRAHAM),200 W FULLERTON PKWY,60614,MAGNET PARK
CHASE (SALMON),4725 N ASHLAND AV,60640,COMMUNITY PARK
EMMERSON (LOUIS),1820 W GRANVILLE AVE,60660,NEIGHBORHOOD PARK
GOUDY (WILLIAM) SQUARE,1255 N ASTOR ST,60610,MINI-PARK
HAMLIN (HANNIBAL),3035 N HOYNE AVE,60618,COMMUNITY PARK
LAKE SHORE,254 E CHICAGO AVE,60611,COMMUNITY PARK
WILSON (FRANK),4630 N MILWAUKEE AVE,60630,COMMUNITY PARK
SEWARD (WILLIAM),375 W ELM ST,60610,COMMUNITY PARK
STANTON (EDWIN),640 W SCOTT ST,60610,COMMUNITY PARK
WELLES (GIDEON),2333 W SUNNYSIDE AVE,60625,REGIONAL PARK
LOYOLA,1230 W GREENLEAF AVE,60626,REGIONAL PARK
DOUGLASS (ANNA & FREDERICK),1401 S SACRAMENTO DR,60623,CITYWIDE PARK
"BELL (GEORGE,JR.)",3020 N OAK PARK AVE,60634,NEIGHBORHOOD PARK
BLACKHAWK,2318 N LAVERGNE AVE,60639,COMMUNITY PARK
RIIS (JACOB),6100 W FULLERTON AVE,60639,REGIONAL PARK
SIMONS (ALMIRA),1640 N DRAKE AVE,60647,COMMUNITY PARK
HERMOSA,2240 N KILBOURN AVE,60639,NEIGHBORHOOD PARK
KELVYN (WILLIAM),4438 W WRIGHTWOOD AVE,60639,COMMUNITY PARK
RUTHERFORD SAYRE,6871 W BELDEN AVE,60635,COMMUNITY PARK
MOZART (AMADEUS),2036 N AVERS AVE,60647,COMMUNITY PARK
AMUNDSEN (ROALD),6200 W BLOOMINGDALE AVE,60639,COMMUNITY PARK
GALEWOOD,5729 W BLOOMINGDALE AVE,60639,NEIGHBORHOOD PARK
CRAGIN,2611 N LOCKWOOD AVE,60639,NEIGHBORHOOD PARK
GREENEBAUM (HENRY),1729 N KILDARE AVE,60639,NEIGHBORHOOD PARK
PLEASANT POINT,6813 W IMLAY ST,60631,NEIGHBORHOOD PARK
NORWOOD,5801 N NATOMA AVE,60631,COMMUNITY PARK
PORTAGE,4100 N LONG AVE,60641,REGIONAL PARK
SHABBONA,6935 W ADDISON,60634,REGIONAL PARK
JACOB,4674 N VIRGINIA AVE,60625,MINI-PARK
BUFFALO,4500 N CALIFORNIA AVE,60625,PARKWAY PARK
SUNKEN GARDENS,2634 W SUNNYSIDE AVE,60625,PASSIVE PARK
RAVENSWOOD MANOR,4626 N MANOR AVE,60625,NEIGHBORHOOD PARK
INDIAN BOUNDARY,2500 W LUNT AVE,60645,COMMUNITY PARK
DURKIN (MARTIN),8441 S KOLIN AVE,60652,COMMUNITY PARK
POTTAWATTOMIE,7340 N ROGERS AVE,60626,COMMUNITY PARK
CHIPPEWA,6758 N SACRAMENTO AVE,60645,NEIGHBORHOOD PARK
MATANKY (EUGENE),6937 N RIDGE BLVD,60626,MINI-PARK
RIDGE,9625 S LONGWOOD DR,60643,COMMUNITY PARK
COSME (MARGARET),2100 W 91ST ST,60620,NEIGHBORHOOD PARK
BRAINERD,1246 W 92ND ST,60620,COMMUNITY PARK
GRAVER (PHILIP),1518 W 102ND PL,60643,NEIGHBORHOOD PARK
REVERE (PAUL),2509 W IRVING PARK RD,60618,COMMUNITY PARK
RIVER,5100 N FRANCISCO AVE,60625,REGIONAL PARK
BRANDS,3285 N ELSTON AVE,60618,COMMUNITY PARK
GREEN BRIAR,2650 W PETERSON AVE,60659,COMMUNITY PARK
COOPER (JACK),1332 W 117TH ST,60643,NEIGHBORHOOD PARK
CALIFORNIA,3801 N CALIFORNIA AVE,60618,COMMUNITY PARK
SAUGANASH,5861 N KOSTNER AVE,60646,COMMUNITY PARK
LA FOLLETTE (ROBERT),1333 N LARAMIE AVE,60651,REGIONAL PARK
FRANKLIN (BENJAMIN),1449 S KOLIN AVE,60623,COMMUNITY PARK
HOLSTEIN,2200 N OAKLEY AVE,60647,COMMUNITY PARK
GARFIELD (JAMES),100 N CENTRAL PARK DR,60624,CITYWIDE PARK
SHERIDAN (PHILIP HENRY),910 S ABERDEEN ST,60607,COMMUNITY PARK
ALTGELD (JOHN),515 S WASHTENAW AVE,60612,COMMUNITY PARK
AUSTIN TOWN HALL,5610 W LAKE ST,60644,COMMUNITY PARK
ECKHART (BERNARD),1330 W CHICAGO AVE,60622,COMMUNITY PARK
COLE (NAT KING),361 E 85TH ST,60619,NEIGHBORHOOD PARK
COLUMBUS (CHRISTOPHER),500 S CENTRAL AVE,60644,CITYWIDE PARK
UNION,1501 W RANDOLPH ST,60607,COMMUNITY PARK
SKINNER (MARK),1331 W  MONROE ST,60606,COMMUNITY PARK
HALE (NATHAN),6140 S MELVINA AVE,60638,REGIONAL PARK
SHEDD (JOHN G.),3660 W 23RD ST,60623,COMMUNITY PARK
HARRISON (CARTER),1824 S WOOD ST,60608,REGIONAL PARK
"WICKER (CHARLES, JOEL)",1425 N DAMEN AVE,60622,COMMUNITY PARK
ARRIGO (VICTOR),1250 W LEXINGTON ST,60607,COMMUNITY PARK
ELM,5215 S WOODLAWN AVE,60615,PASSIVE PARK
DVORAK (ANTON),1119 W CULLERTON ST,60608,COMMUNITY PARK
PULASKI (CASIMER),1419 W BLACKHAWK ST,60622,COMMUNITY PARK
HUMBOLDT (BARON VON),1400 N HUMBOLDT DR,60622,CITYWIDE PARK
WEST PULLMAN,401 W 123RD ST,60628,REGIONAL PARK
MATHER (STEPHEN TYNG),5835 N LINCOLN AVE,60659,COMMUNITY PARK
SENN (NICHOLAS),5887 N RIDGE AVE,60660,COMMUNITY PARK
HORNER (HENRY),2741 W MONTROSE AVE,60618,REGIONAL PARK
HIAWATHA,8029 W FOREST PRESERVE AVE,60634,COMMUNITY PARK
PIOTROWSKI (LILLIAN),4200 W 31ST ST,60623,REGIONAL PARK
GRAPE,2850 W AVONDALE AVE,60618,MINI-PARK
ROSENBLUM (J. LESLIE),2000 E 75TH ST,60649,COMMUNITY PARK
ECKERSALL (WALTER HERBERT),2430 E 82ND ST,60617,NEIGHBORHOOD PARK
VITTUM (HARRIET ELIZABETH),5014 W 50TH ST,60638,COMMUNITY PARK
SPRUCE,1437 E 54TH ST,60615,NEIGHBORHOOD PARK
OAKDALE,965 W 95TH ST,60643,COMMUNITY PARK
ROBINSON (JACKIE),10540 S MORGAN ST,60643,REGIONAL PARK
OWENS (JESSE),2100 E 88TH ST,60617,COMMUNITY PARK
WENTWORTH (JOHN),5625 S MOBILE AVE,60638,REGIONAL PARK
DAWES (CHARLES),8040 S DAMEN AV,60620,COMMUNITY PARK
ROGERS (PHILLIP),7345 N WASHTENAW AVE,60645,REGIONAL PARK
HAYES (FRANCIS),2936 W 85TH ST,60652,REGIONAL PARK
LINDBLOM (ROBERT),6054 S DAMEN AVE,60636,REGIONAL PARK
GATELY (JAMES),810 E 103RD ST,60628,REGIONAL PARK
DUNHAM (ROBERT),4640 N MELVINA AVE,60630,COMMUNITY PARK
WEST LAWN,4233 W 65TH ST,60629,REGIONAL PARK
TOUHY (PATRICK),7348 N PAULINA ST,60626,COMMUNITY PARK
PASTEUR (LOUIS),5825 S KOSTNER AVE,60629,REGIONAL PARK
ROWAN (WILLIAM),11546 S AVENUE L,60617,REGIONAL PARK
WEST CHATHAM,8223 S PRINCETON AVE,60620,COMMUNITY PARK
ARCHER (WILLIAM BEATTY),4901 S KILBOURN AVE,60632,COMMUNITY PARK
EHRLER (WILLIAM),2230 W CORTLAND ST,60647,NEIGHBORHOOD PARK
MOUNT GREENWOOD,3724 W 111TH ST,60655,REGIONAL PARK
BEVERLY,2460 W 102ND ST,60655,COMMUNITY PARK
CARVER (GEORGE WASHINGTON),939 E 132ND ST,60627,REGIONAL PARK
MERRIMAC,6343 W IRVING PARK RD,60634,COMMUNITY PARK
WILDWOOD,6950 N HIAWATHA AVE,60646,COMMUNITY PARK
LINDEN,1139 N PULASKI RD,60651,NEIGHBORHOOD PARK
ABBOTT (ROBERT),49 E 95TH ST,60628,COMMUNITY PARK
KELLY (EDWARD),2725 W 41ST ST,60632,COMMUNITY PARK
WILLIAMS (DANIEL HALE),2820 S STATE ST,60616,COMMUNITY PARK
SCOTTSDALE,4620 W 83RD PL,60652,COMMUNITY PARK
STATEWAY,3658 S STATE ST,60609,COMMUNITY PARK
DUNBAR (PAUL LAURENCE),200 E 31ST ST,60616,REGIONAL PARK
ADDAMS (JANE),1301 W 14TH ST,60608,COMMUNITY PARK
LAKE MEADOWS,3113 S RHODES AVE,60616,COMMUNITY PARK
BOGAN (WILLIAM),3939 W 79TH ST,60652,REGIONAL PARK
TAYLOR (ROBERT ROCHON),100 W 47TH ST,60609,COMMUNITY PARK
SMITH (WENDELL),9912 S PRINCETON AVE,60628,NEIGHBORHOOD PARK
LERNER (LEO),7000 N SACRAMENTO AVE,60645,COMMUNITY PARK
AUSTIN FOSTER,6020 W FOSTER AVE,60630,NEIGHBORHOOD PARK
WENTWORTH (JOHN) GARDENS,3770 S WENTWORTH AVE,60609,COMMUNITY PARK
LEGION,3100 W BRYN MAWR AVE,60659,REGIONAL PARK
RONAN (GEORGE),3000 W ARGYLE ST,60625,LINEAR PARK
NICHOLS (JOHN FOUNTAIN),1342 E 54TH ST,60615,COMMUNITY PARK
"HOUSTON (JESSIE ""MA"")",5001 S COTTAGE GROVE AVE,60615,NEIGHBORHOOD PARK
GOLDEN GATE,500 E 130TH ST,60627,COMMUNITY PARK
BROWN (SIDNEY) MEML.,644 E 86TH ST,60619,COMMUNITY PARK
SOUTH LAKEVIEW,1300 W WOLFRAM ST,60657,NEIGHBORHOOD PARK
STOUT (FLORENCE),5446 S GREENWOOD AVE,60615,NEIGHBORHOOD PARK
COLEMAN (BESSIE),900 E 54TH PL,60615,MINI-PARK
CORNELL (PAUL),5473 S CORNELL AVE,60615,PASSIVE PARK
UNITY,2636 N KIMBALL AVE,60647,NEIGHBORHOOD PARK
HASAN (ELLIOT),6855 S OGLESBY AVE,60649,MINI-PARK
BARAGA (FREDERICK),2440 S LEAVITT ST,60608,MINI-PARK
DOOLEY (THOMAS),3426 W 77TH ST,60652,NEIGHBORHOOD PARK
HICKORY,4834 N WINTHROP AVE,60640,MINI-PARK
"SENKA (EDWARD ""DUKE"")",5656 S ST LOUIS AVE,60629,REGIONAL PARK
WOLCOTT (ALEXANDER),6551 S WOLCOTT AVE,60636,MINI-PARK
LE CLAIRE COURTS - HEARST COMM. CTR,5116 W 44TH ST,60638,COMMUNITY PARK
DUBKIN (LEONARD),7442 N ASHLAND Blvd,60626,PARKWAY PARK
MINUTEMAN,5940 S CENTRAL AVE,60638,COMMUNITY PARK
MOCCASIN RANCH,6446 S KIMBARK AVE,60637,MINI-PARK
ROBICHAUX (JOSEPH),9247 S EGGLESTON AVE,60620,LINEAR PARK
ASPEN,4237 S WABASH AVE,60653,MINI-PARK
BIRCH,427 E 45TH ST,60653,MINI-PARK
POPLAR,4046 S PRAIRIE AVE,60653,MINI-PARK
HARSH (VIVIAN G.),4464 S OAKENWALD AVE,60653,MINI-PARK
HOLLY,4052 S ELLIS AVE,60653,MINI-PARK
PARK NO. 326,6430 S KENWOOD AVE,60637,UNIMPROVED PARK
BEEHIVE,6156 S DORCHESTER AVE,60637,MINI-PARK
PRAIRIE WOLF,6310 S DREXEL AVE,60637,MINI-PARK
JEFFERSON (NANCY),3111 W FULTON BLVD,60612,NEIGHBORHOOD PARK
THROOP (AMOS GAGER),1811 S THROOP ST,60608,NEIGHBORHOOD PARK
FLYING SQUIRREL,6600 S WOODLAWN AVE,60637,MINI-PARK
BARBERRY,2827 W ARTHINGTON ST,60612,UNIMPROVED PARK
MAGNOLIA,3228 W FLOURNOY ST,60624,MINI-PARK
"KING (MARTIN LUTHER, JR.)",1219 W 76TH ST,60620,COMMUNITY PARK
EDGEBROOK,6525 N HIAWATHA AVE,60646,COMMUNITY PARK
HUCKLEBERRY,6200 S KIMBARK AVE,60637,MINI-PARK
PENDLETON (HADIYA),4347 S CALUMET AVE,60653,MINI-PARK
BOSWELL (ARNITA YOUNG),6646 S UNIVERSITY AVE,60637,MINI-PARK
ASTER,4639 N KENMORE AVE,60640,MINI-PARK
DOGWOOD,2734 W POLK ST,60612,MINI-PARK
GINKGO,3432 W 15TH ST,60623,MINI-PARK
GOOSEBERRY,4648 N MALDEN ST,60640,MINI-PARK
HONEYSUCKLE,4637 S CHAMPLAIN AVE,60653,MINI-PARK
REYES (GUADALUPE),827 W 19TH ST,60608,MINI-PARK
HORNBEAM,1422 S HAMLIN AVE,60623,MINI-PARK
RAILROAD JUNCTION,7334 S MARYLAND AVE,60619,MINI-PARK
LIN (MARGARET HIE DING),1735 S STATE ST,60616,MINI-PARK
VIOLET,4120 W TAYLOR ST,60624,NEIGHBORHOOD PARK
BROOKS (GWENDOLYN),4542 S GREENWOOD AVE,60653,NEIGHBORHOOD PARK
BURNSIDE (AMBROSE),9400 S GREENWOOD AVE,60619,COMMUNITY PARK
GILL (JOSEPH),825 W SHERIDAN RD,60613,COMMUNITY PARK
BAULER (MATHIAS),517 W WISCONSIN ST,60614,NEIGHBORHOOD PARK
DEJULIO (ANTHONY),6056 N LANDERS AVE,60646,NEIGHBORHOOD PARK
WHITE (EDWARD),1120 W 122ND ST,60643,NEIGHBORHOOD PARK
DOUGHERTY (DANIEL),9336 S KINGSTON AVE,60647,NEIGHBORHOOD PARK
STARS & STRIPES,7000 W 51ST PL,60638,NEIGHBORHOOD PARK
VALLEY FORGE,7001 W 59TH ST,60638,COMMUNITY PARK
KUJAWA (CHESTER FRANK),4330 S KEDVALE AVE,60632,MINI-PARK
BLACKWELDER (GERTRUDE),1800 W 115TH ST,60643,COMMUNITY PARK
PRIVET,1844 N SHEFFIELD AVE,60614,MINI-PARK
PARK NO. 382,8116 S HALSTED ST,60620,UNIMPROVED PARK
GOLDBERG (LOUIS),7053 N GLENWOOD AVE,60626,MINI-PARK
BUTTERCUP,4913 N SHERIDAN RD,60640,NEIGHBORHOOD PARK
JACKSON (MAHALIA),8385 S BIRKHOFF AVE,60620,COMMUNITY PARK
HOARD (EDISON),7221 S DOBSON AVE,60619,NEIGHBORHOOD PARK
WASHINGTON (DINAH),8215 S EUCLID AVE,60617,MINI-PARK
SNOWBERRY,1855 W HURON ST,60622,MINI-PARK
D'ELIA (AILEEN),6340 N LAKEWOOD AVE,60660,MINI-PARK
EDMONDS (MOLLY),711 W 60TH PL,60621,MINI-PARK
JUNIPER,3656 N GREENVIEW AVE,60613,MINI-PARK
WALSH (JOHN),1722 N ASHLAND AVE,60614,NEIGHBORHOOD PARK
MALUS,5426 S SHIELDS AVE,60609,NEIGHBORHOOD PARK
LELAND GIANTS,7526 S LOWE AVE,60621,NEIGHBORHOOD PARK
SNAPPING TURTLE,534 N ALBANY AVE,60612,MINI-PARK
THE GROVE,8421 S MORGAN ST,60620,MINI-PARK
SHEIL (BERNARD) COMM. CTR.,3505 N SOUTHPORT AVE,60657,COMMUNITY PARK
PARK NO. 399,1420 N ARTESIAN AVE,60622,MINI-PARK
CLAREMONT,2342 W FLOURNOY ST,60612,NEIGHBORHOOD PARK
VOGLE (HENRY JR.),2100 W LAWRENCE AVE,60625,MINI-PARK
PACKINGTOWN,4856 S LAFLIN ST,60609,MINI-PARK
DEBOW (RUSSELL),1126 E 80TH ST,60619,NEIGHBORHOOD PARK
ORR (REZIN),744 N PULASKI RD,60624,COMMUNITY PARK
CURIE (MARIE),4959 S ARCHER AVE,60632,COMMUNITY PARK
CHURCHILL FIELD,1825 N DAMEN AVE,60614,NEIGHBORHOOD PARK
PARK NO. 414,4302 W DIVISION ST,60651,UNIMPROVED PARK
JUNCTION GROVE,345 W 64TH ST,60621,MINI-PARK
COTTONWOOD,5058 W WEST END AVE,60644,MINI-PARK
HAZELNUT,5949 W HURON ST,60644,MINI-PARK
PARK NO. 419,8001 S WABASH AVE,60619,UNIMPROVED PARK
COCHRAN (JOHN),5554 N MAGNOLIA AVE,60640,MINI-PARK
PARK NO. 421,5300 S HALSTED ST,60609,UNIMPROVED PARK
PARK NO. 422,3200 W CONGRESS PKWY,60624,NEIGHBORHOOD PARK
OZ,2021 N BURLING ST,60614,COMMUNITY PARK
SPIKINGS FARM,4706 N PULASKI RD,60630,MINI-PARK
NOETHLING (GRACE),2645 N SHEFFIELD AVE,60614,MINI-PARK
BRIGHTON,3501 S RICHMOND ST,60632,NEIGHBORHOOD PARK
ASHMORE,4807 W GUNNISON ST,60630,MINI-PARK
WARREN (LAURENCE),6621 N WESTERN AVE,60645,CITYWIDE PARK
SOUTH SHORE CULTL. CTR.,7059 S SOUTH SHORE DR,60649,CITYWIDE PARK
SWEET CLOVER,650 N LEAMINGTON AVE,60644,MINI-PARK
FLOWER (LUCY),2554 W MOFFAT ST,60647,MINI-PARK
PARK NO. 432,3349 W RICE ST,60651,UNIMPROVED PARK
NEIGHBORS' GARDEN,2533 N SACRAMENTO AVE,60647,PASSIVE PARK
ESSEX,7687 S SOUTH CHICAGO AVE,60619,MINI-PARK
BROMANN (CHARLES),5400 N BROADWAY,60640,MINI-PARK
PERIWINKLE,100 W 66TH ST,60621,NEIGHBORHOOD PARK
PARK NO. 437,5653 S LOOMIS ST,60636,UNIMPROVED PARK
LUNA,5558 S GREEN ST,60621,MINI-PARK
DREXEL (FRANCIS),6931 S DAMEN AVE,60636,MINI-PARK
ASHE (ARTHUR) BEACH,2701 E 74TH ST,60649,NEIGHBORHOOD PARK
MCINERNEY (THOMAS),4446-58 S. EMERALD AVE,60609,NEIGHBORHOOD PARK
LAMB (HAROLD),1400 W 109TH ST,60643,NEIGHBORHOOD PARK
MARTIN (JOHNNY),922 W FLETCHER ST,60657,MINI-PARK
METCALFE (RALPH),4196 S STATE ST,60609,COMMUNITY PARK
WIEBOLDT (WILLIAM),1747 W NELSON ST,60657,MINI-PARK
LAZARUS (EMMA),1257 W COLUMBIA AVE,60626,MINI-PARK
SUN YAT-SEN,300 W 24TH PL,60616,MINI-PARK
PETERSON (PEHR SAMUEL),5801 N PULASKI RD,60646,REGIONAL PARK
MIAMI,2754 S TRUMBULL AVE,60623,MINI-PARK
SENIOR CITIZENS MEML.,2238 N OAKLEY AVE,60647,PASSIVE PARK
CLARK (RICHARD),3400 N ROCKWELL AVE,60618,COMMUNITY PARK
RIDGE PARK WETLANDS,9516 S WOOD ST,60643,NATURE PRESERVE PARK
BROADWAY ARMORY,5917 N BROADWAY,60660,COMMUNITY PARK
QUINN (MARY),6239 N MCCLELLAN AVE,60646,PASSIVE PARK
DEARBORN (HENRY),865 S PARK TER,60605,PASSIVE PARK
ROOSEVELT (THEODORE),62 W ROOSEVELT RD,60605,NEIGHBORHOOD PARK
PARK NO. 468,4556 W 56TH ST,60629,UNIMPROVED PARK
GRANDPARENTS',5445 N CHESTER ST,60656,NEIGHBORHOOD PARK
PARK NO. 474,3231 W DOUGLAS BLVD,60616,PASSIVE PARK
RIVER ESPLANADE,401 E RIVER DR,60611,LINEAR PARK
OGDEN (WILLIAM) PLAZA,429 N COLUMBUS DR,60611,PASSIVE PARK
DUSABLE (JEAN BAPTISTE POINTE),401 N LAKE SHORE DR,60611,UNIMPROVED PARK
JONES (MARY RICHARDSON),1240 S PLYMOUTH CT,60616,NEIGHBORHOOD PARK
COTTON TAIL,44 W 15TH ST,60616,NEIGHBORHOOD PARK
TOM (PING) MEML.,300 W 18TH ST,60616,REGIONAL PARK
NASH (DON) COMM. CTR.,1833 E 71ST ST,60649,COMMUNITY PARK
"MADIGAN (MICHAEL J., SR.)",4701 W MARQUETTE RD,60638,COMMUNITY PARK
PARSONS (LUCY),4701 W BELMONT AVE,60641,MINI-PARK
KENNICOTT (JONATHAN),4434 S LAKE PARK AVE,60653,COMMUNITY PARK
WINNEMAC,5001 N LEAVITT ST,60625,NEIGHBORHOOD PARK
BRONCHO BILLY,4437 N MAGNOLIA AVE,60640,MINI-PARK
CHALLENGER,1100 W IRVING PARK RD,60613,LINEAR PARK
ARMSTRONG (LILLIAN HARDIN),4433 S ST LAWRENCE,60653,COMMUNITY PARK
KELLY (JOHN),3800 N SEMINARY AVE,60613,LINEAR PARK
WASHINGTON (HAROLD),5200 S HYDE PARK BLVD,60615,NEIGHBORHOOD PARK
"BOLER (LEO ROSCOE, SR.)",3601 W ARTHINGTON ST,60624,NEIGHBORHOOD PARK
STARR (ELLEN GATES),2306 W MAYPOLE AVE,60612,NEIGHBORHOOD PARK
WILSON (JOHN) COMM. CTR.,3225 S RACINE AVE,60608,COMMUNITY PARK
"BENIAC (JOHN ""BEANS"") GREENWAY",3925 E 104TH ST,60617,LINEAR PARK
CANAL ORIGINS,2701 S ASHLAND AVE,60608,LINEAR PARK
WEBSTER (DANIEL),1401 S INDIANA AVE,60605,PASSIVE PARK
PARK NO. 514,1434 N MONTICELLO AVE,60651,PASSIVE PARK
ALGONQUIN,2941 N WASHTENAW AVE,60618,MINI-PARK
PARK NO. 500,730 S SPRINGFIELD AVE,60624,NEIGHBORHOOD PARK
SCHAFER (CLARA D.),8900 S GREEN BAY AVE,60617,PASSIVE PARK
COLISEUM,1466 S WABASH AV,60605,NEIGHBORHOOD PARK
RENAISSANCE,1300 W 79TH ST,60620,PASSIVE PARK
LIVINGSTON FIELD,2139-59 W. LEXINGTON ST,60612,NEIGHBORHOOD PARK
WARD (A. MONTGOMERY),630 N KINGSBURY AVE,60610,NEIGHBORHOOD PARK
PARK NO. 512,1800 N ASHLAND AVE,60614,PASSIVE PARK
MANDRAKE (HENRY BROWN),900 E PERSHING RD.,60653,COMMUNITY PARK
NOTTINGHAM,7101 W 63RD ST,60638,PASSIVE PARK
WASHINGTON (HAROLD) MEM.,7710 N PAULINA ST,60626,MINI-PARK
HOMAN SQUARE COMMUNITY CENTER,3517 W ARTHINGTON ST,60624,COMMUNITY PARK
CANALPORT RIVERWALK,2900 S ASHLAND AVE,60608,LINEAR PARK
PARK NO. 517,5914-24 N SHERIDAN RD,60660,PASSIVE PARK
TRIANGLE,1750 W JUNEWAY TER,60626,PASSIVE PARK
PARK NO. 519,1944 S ST LOUIS AVE,60623,MINI-PARK
PALMER (BERTHA HONORÃ‰),916 N HONORE ST,60622,MINI-PARK
WARNER GARDEN,1426 W WARNER AVE,60613,PASSIVE PARK
WANG (CHI CHE),1719 W WOLFRAM ST,60657,NEIGHBORHOOD PARK
STEELWORKERS,E 87TH ST AT THE LAKE,60617,PASSIVE PARK
HARRIS (HARRIET),6200 S DREXEL AVE,60637,COMMUNITY PARK
STONE (BERNARD L.),3140 W PETERSON AVE,60659,LINEAR PARK
PARK NO. 527,6200 S LaSALLE ST,60621,UNIMPROVED PARK
PARK NO. 528,6336 S KILBOURN AVE,60629,NEIGHBORHOOD PARK
PARK NO. 529,2155 W WABANSIA AVE,60647,PASSIVE PARK
DALEY (RICHARD J.),3150 S WESTERN AVE,60608,PASSIVE PARK
PALMISANO (HENRY),2850 S HALSTED ST,60608,COMMUNITY PARK
PRINTERS ROW,640 S FEDERAL ST,60605,PASSIVE PARK
"WILLIAMS-DAVIS (HATTIE KAY,IZORA)",4101 S. LAKE PARK AVE,60653,NEIGHBORHOOD PARK
NORTH PARK NATURE CENTER,5801 N PULASKI RD,60646,NATURE PRESERVE PARK
PARK NO. 534,1300 S ST LOUIS AVE,60623,NEIGHBORHOOD PARK
PARK NO. 535,800 W WISCONSIN ST,60614,MINI-PARK
PARK NO. 536,1401 N NOBLE ST,60622,PASSIVE PARK
HERITAGE GREEN,610-30 W ADAMS ST,60661,PASSIVE PARK
PARK NO. 538,6400 N KEDZIE,60645,LINEAR PARK
PALMER SQUARE,2200 N KEDZIE AVE,60647,COMMUNITY PARK
PARK NO. 540,2401 S FEDERAL ST,60616,NEIGHBORHOOD PARK
PRITZKER,301-52 S STATE ST,60604,PASSIVE PARK
BARTELME (MARY),115 S. SANGAMON ST,60602,NEIGHBORHOOD PARK
KLEIN (LOIS),3538-40 N LINCOLN AVE,60657,PASSIVE PARK
PARK NO. 546,450 E BENTON PL,60611,NEIGHBORHOOD PARK
BATTLE OF FORT DEARBORN,1801 S CALUMET AVE,60616,PASSIVE PARK
LOGAN SQUARE SKATE PARK,2430 W LOGAN BLVD,60647,NEIGHBORHOOD PARK
CHICAGO WOMEN'S PARK AND GARDENS,1801 S INDIANA AVE,60616,NEIGHBORHOOD PARK
PARK NO. 551,353 N DES PLAINES ST,60661,NEIGHBORHOOD PARK
PARK NO. 552,4901 W BELMONT AVE,60641,PASSIVE PARK
LA VILLITA,2800 S SACRAMENTO AVE,60608,COMMUNITY PARK
ADAMS (GEORGE & ADELE),1919 N SEMINARY AVE,60614,NEIGHBORHOOD PARK
DE BURGOS (JULIA),1805 N ALBANY AVE,60647,NEIGHBORHOOD PARK
SAUGANASH TRAIL,4400 W DEVON AVE,60626,LINEAR PARK
PARK NO. 556,2529 W LOGAN BLVD,60647,PASSIVE PARK
NORTH BOUNDARY,7211-7355 N KEDZIE AVE,60645,LINEAR PARK
KING (PATRICK)-LOCKHART (ANTHONY),10609-15 S WESTERN AVE,60643,PASSIVE PARK
PARK NO. 559,6151 N SHERIDAN RD,60660,PASSIVE PARK
WHITE (JESSE),410 W CHICAGO AVE,60654,COMMUNITY PARK
ANDERSON (FRED),1629 S WABASH,60616,PASSIVE PARK
BYRNES (MARIAN),1735-37 E 96TH ST,60643,NATURE PRESERVE PARK
HEGEWISCH MARSH,13000 S TORRENCE AVE,60633,NATURE PRESERVE PARK
BIG MARSH,11555 S STONY ISLAND AVE,60617,NATURE PRESERVE PARK
PARK NO. 566,7901 S FARRAGUT,60617,UNIMPROVED PARK
PARK NO. 567,1799 N MILWAUKEE AVE,60647,PASSIVE PARK
WEST RIDGE NATURE PARK,5601 N WESTERN AVE,60659,NATURE PRESERVE PARK
PARK NO. 569,1358 W MONROE ST,60607,PASSIVE PARK
DONAHUE (MARGARET),1230 W SCHOOL ST,60657,MINI-PARK
PARK NO. 571,2754-2860 S ELEANOR ST,60608,NEIGHBORHOOD PARK
PARK NO. 573,701 E 114TH ST,60628,PASSIVE PARK
PARK NO. 574,2540 W JACKSON BLVD,60612,NEIGHBORHOOD PARK
PARK NO. 576,2100 E 134TH ST,60633,NATURE PRESERVE PARK
TREBES,2250 N CLIFTON AVE,60614,NEIGHBORHOOD PARK
MORGAN PARK SPORTS CENTER,11505 S. WESTERN AV,60643,COMMUNITY PARK
PARK NO. 578,1919 W MAYPOLE AVE,60612,NEIGHBORHOOD PARK
PARK NO. 580,4030 N OAK PARK AVE,60634,NEIGHBORHOOD PARK
PARK NO. 581,11625 S OAKLEY AVE,60643,PASSIVE PARK
RAINBOW BEACH,2873 E 75TH ST,60649,CITYWIDE PARK
CLARENDON COMM. CTR.,4501 N CLARENDON AVE,60640,COMMUNITY PARK
BEILFUSS (ALBERT W.),1725 N SPRINGFIELD AVE,60647,NEIGHBORHOOD PARK
SHERWOOD (JESSE),5705 S SHIELDS AVE,60621,COMMUNITY PARK
BRADLEY (JOSEPHINE),9729 S YATES AVE,60617,NEIGHBORHOOD PARK
BLOCK (EUGENE H.),346 W 104TH ST,60628,PASSIVE PARK
COMMERCIAL CLUB PGD. of CHICAGO,1845 W RICE ST,60622,COMMUNITY PARK
HERMITAGE,5839 S WOOD ST,60636,NEIGHBORHOOD PARK
KENWOOD COMM.,1330 E 50TH ST,60615,COMMUNITY PARK
LAWLER (MICHAEL),5210 W 64TH ST,60638,COMMUNITY PARK
O'HALLAREN (BERNARD),8335 S HONORE ST,60620,COMMUNITY PARK
LEONE (SAM) BEACH,1222 W TOUHY AVE,60626,COMMUNITY PARK
SMITH (JOSEPH HIGGINS),2526 W GRAND AVE,60612,COMMUNITY PARK
STROHACKER (HOWARD),4347 W 54TH ST,60632,NEIGHBORHOOD PARK
ANDERSON (LOUIS),3748 S PRAIRIE AVE,60653,COMMUNITY PARK
AUGUSTA (CARPENTER),4431 W AUGUSTA BLVD,60651,NEIGHBORHOOD PARK
BARRETT (JOHN),2022 W CERMAK RD,60608,NEIGHBORHOOD PARK
BOSLEY (WILLIAM),3044 S BONFIELD ST,60608,NEIGHBORHOOD PARK
DONOVAN (GEORGE),3620 S LITUANICA AVE,60609,NEIGHBORHOOD PARK
FOSCO (PETER),1313 S THROOP ST,60608,NEIGHBORHOOD PARK
"TAYLOR-LAURIDSEN (JOHN, EMIL)",647 W ROOT ST,60609,NEIGHBORHOOD PARK
CLARK (JOHN),4615 W JACKSON BLVD,60644,NEIGHBORHOOD PARK
DEAN (JOHN),1356 N DEAN ST,60622,NEIGHBORHOOD PARK
MICEK (FRANK),5311 S HAMILTON AVE,60609,NEIGHBORHOOD PARK
GROSS (THEODORE),2708 W LAWRENCE AVE,60625,NEIGHBORHOOD PARK
HAAS (JOSEPH),2402 N WASHTENAW AVE,60647,NEIGHBORHOOD PARK
HARDING (GEORGE),4912 S CALUMET AVE,60615,NEIGHBORHOOD PARK
HORAN (ALBERT),3035 W VAN BUREN ST,60612,NEIGHBORHOOD PARK
HOYNE (THOMAS),3417 S HAMILTON AVE,60608,NEIGHBORHOOD PARK
DURSO (JOHN),421 W LOCUST ST,60610,NEIGHBORHOOD PARK
INDIAN ROAD,6010 W MATSON AVE,60646,NEIGHBORHOOD PARK
KEDVALE,4140 W HIRSCH ST,60651,NEIGHBORHOOD PARK
KELLS (GEORGE),3201 W CHICAGO AVE,60624,NEIGHBORHOOD PARK
DEGEORGE (BERNICE),4905 W WABANSIA AVE,60639,MINI-PARK
KENSINGTON,345 E 118TH ST,60628,NEIGHBORHOOD PARK
KEN-WELL,2945 N KENOSHA AVE,60641,NEIGHBORHOOD PARK
WHITE (WILLYE B.),7631 N ASHLAND AVE,60626,COMMUNITY PARK
LOWE (SAMUEL),5203 S LOWE AVE,60609,NEIGHBORHOOD PARK
MAPLEWOOD,1640 N MAPLEWOOD AVE,60647,NEIGHBORHOOD PARK
MARSHFIELD,1637 W 87TH ST,60620,NEIGHBORHOOD PARK
GARIBALDI (GIUSEPPI),1520 W POLK ST,60607,NEIGHBORHOOD PARK
MEMORIAL,149 W 73RD ST,60621,NEIGHBORHOOD PARK
MEYERING (WILLIAM),7140 S DR MARTIN LUTHER KING J,60619,NEIGHBORHOOD PARK
MOORE (MAURICE),5085 W ADAMS ST,60644,NEIGHBORHOOD PARK
MORAN (TERRANCE),5727 S RACINE AVE,60621,NEIGHBORHOOD PARK
MUNROE,2617 W 105TH ST,60655,COMMUNITY PARK
MURRAY (DAVID),1743 W 73RD ST,60636,NEIGHBORHOOD PARK
NORMANDY,6660 W 52ND ST,60638,NEIGHBORHOOD PARK
LITTLE VENICE,2251 W 50TH PL,60609,NEIGHBORHOOD PARK
PARK-VIEW,3823 W SCHOOL ST,60618,NEIGHBORHOOD PARK
PASCHEN (CHRISTIAN),1932 W LUNT AVE,60626,NEIGHBORHOOD PARK
PIETROWSKI (SYLVESTER),9650 S AVENUE M,60617,NEIGHBORHOOD PARK
MCKIERNAN (DAVID),10714 S SAWYER AVE,60655,NEIGHBORHOOD PARK
SCHREIBER,1552 W SCHREIBER AVE,60626,NEIGHBORHOOD PARK
"KUCINSKI-MURPHY (VICKI, ROSEBETH)",1635 W 33RD PL,60608,NEIGHBORHOOD PARK
BACK OF THE YARDS,4920 S THROOP ST,60609,NEIGHBORHOOD PARK
TILTON (GEORGE),305 N KOSTNER,60624,NEIGHBORHOOD PARK
DOBSON,7521 S DOBSON AVE,60619,MINI-PARK
"TOUHY-HERBERT (JOHN, VICTOR)",2106 W ADAMS ST,60612,NEIGHBORHOOD PARK
LIMAS (JULIANN HOPE),2410 S TRUMBULL AVE,60623,MINI-PARK
VETERANS' MEMORIAL,2820 E 98TH ST,60617,NEIGHBORHOOD PARK
WAGNER (CLARENCE),948 W 51ST ST,60609,NEIGHBORHOOD PARK
WALLACE,607 W 92ND ST,60620,NEIGHBORHOOD PARK
WASHTENAW,2521 S WASHTENAW AVE,60608,NEIGHBORHOOD PARK
WILSON (JOHN),1122 W 34TH PL,60608,NEIGHBORHOOD PARK
ELSTON (DANIEL),3461 N TROY ST,60618,MINI-PARK
WOLFE (RICHARD),3325 E 108TH ST,60617,NEIGHBORHOOD PARK
WOODHULL (ROSS),7340 S EAST END AVE,60649,NEIGHBORHOOD PARK
WRIGHTWOOD,2534 N GREENVIEW AVE,60614,NEIGHBORHOOD PARK
LANGDON (MARY MARGARET),1754 W ALBION AVE,60626,MINI-PARK
ANDERSONVILLE,5233 N ASHLAND AVE,60640,MINI-PARK
KRAUSE (FRANCIS VERNON),10558 S AVENUE L,60617,MINI-PARK
EMERALD,5600 S EMERALD AVE,60621,MINI-PARK
WESOLEK (MARLENE),13407 S AVENUE M,60633,MINI-PARK
BIXLER (RAY),5641 S KENWOOD AVE,60637,NEIGHBORHOOD PARK
BUENA CIRCLE,1049  W BUENA,60613,NEIGHBORHOOD PARK
CARMEN,1224 W CARMEN AVE,60640,MINI-PARK
CARPENTER (PHILO),6155 S CARPENTER ST,60621,MINI-PARK
CENTRAL,721 N CENTRAL PARK AVE,60624,MINI-PARK
CHRISTIANA,1533 S CHRISTIANA AVE,60623,MINI-PARK
KORCZAK (JANUSZ),6156 N CLAREMONT AVE,60659,MINI-PARK
CLYBOURN (ARCHIBALD),1755 N CLYBOURN AVE,60614,MINI-PARK
DAVIS (MARGARET),5427 W DIVISION ST,60651,MINI-PARK
FELLGER (CHARLES),2012 W BELMONT AVE,60618,NEIGHBORHOOD PARK
GLADYS (GUNDERSON),3307 W GLADYS AVE,60624,MINI-PARK
GRAND,3531 W GRAND AVE,60651,MINI-PARK
HARDING (FREDERICK),3921 W DIVISION ST,60651,MINI-PARK
ZATTERBERG (HELEN),4246 N HERMITAGE AVE,60613,MINI-PARK
HOMAN (JOSEPH),2148 S HOMAN AVE,60623,MINI-PARK
HUBBARD (GURDON),4950 W HUBBARD ST,60644,MINI-PARK
HANSBERRY (LORRAINE),5635 S INDIANA AVE,60637,MINI-PARK
JACKSON (ROBERT),4319 S INDIANA AVE,60653,MINI-PARK
JEFFERSON (THOMAS),1630 S JEFFERSON ST,60616,NEIGHBORHOOD PARK
KEELER (CYRUS),1243 S KEELER AVE,60623,MINI-PARK
KENMORE,3141 N KENMORE AVE,60657,MINI-PARK
KEYSTONE,1655 N KEYSTONE AVE,60639,MINI-PARK
LANGLEY,700 E 113TH ST,60628,NEIGHBORHOOD PARK
THUIS (GRACE ZWIEFKA),4800 N LAVERGNE AVE,60630,NEIGHBORHOOD PARK
LONDON (LOUIS),3432 W 18TH ST,60623,MINI-PARK
HUMBERT (JAMES),632 W 31ST ST,60616,MINI-PARK
LUELLA,10021 S LUELLA AVE,60617,NEIGHBORHOOD PARK
"LUNT (ORRINGTON, STEPHEN)",2239 W LUNT AVE,60645,MINI-PARK
MERRYMAN (THERON),3736 N MARSHFIELD AVE,60613,MINI-PARK
MERRILL (GEORGE),2131 E 96TH ST,60617,NEIGHBORHOOD PARK
MILLARD (ALDEN),1331 S MILLARD AVE,60623,MINI-PARK
MILLER (SAMUEL),848 S MILLER ST,60607,MINI-PARK
MONTGOMERY (MABEL),2632 W 66TH ST,60629,MINI-PARK
MONTICELLO,1814 N MONTICELLO AVE,60647,MINI-PARK
MORGAN (THOMAS LEEDS) FIELD,11710 S MORGAN ST,60643,NEIGHBORHOOD PARK
NELSON (ANDREW),2953 W NELSON ST,60618,MINI-PARK
WEISMAN (ALBERT),901 W OAKDALE AVE,60657,MINI-PARK
OAKLEY,6441 S OAKLEY AVE,60636,MINI-PARK
OHIO & HARDING,607 N HARDING AVE,60624,MINI-PARK
OHIO,4712 W OHIO ST,60644,MINI-PARK
BRYNFORD,5640 N PULASKI RD,60646,MINI-PARK
SUPERA (LOUIS),2528 N RACINE AVE,60614,MINI-PARK
WENDT (KENNETH),667 W ROSCOE ST,60657,MINI-PARK
SACRAMENTO,3520 N SACRAMENTO AVE,60618,NEIGHBORHOOD PARK
SCHAEFER (EDWARD),2415 N MARSHFIELD AVE,60614,MINI-PARK
SAINT LOUIS,347 N ST LOUIS AVE,60624,MINI-PARK
SUPERIOR,2101 W SUPERIOR ST,60612,MINI-PARK
SUMMERDALE,7262 W SUMMERDALE AVE,60656,MINI-PARK
TILL-MOBLEY (MAMIE),6410 S ELLIS AVE,60637,MINI-PARK
SINTIC (GREGORY),2835 S WALLACE ST,60616,MINI-PARK
MCKEON (JOSEPH),600 W 36TH ST,60609,MINI-PARK
MASON (ELIZABETH),4100 W WEST END AVE,60624,NEIGHBORHOOD PARK
WESTERN,907 N WESTERN AVE,60622,MINI-PARK
PARK WEST,745 W WRIGHTWOOD AVE,60614,MINI-PARK
ADAMS (JOHN C.),7535 S DOBSON AVE,60619,PASSIVE PARK
CONNORS (WILLIAM),871 N WABASH AVE,60611,PARKWAYS PARK
ARCADE,11144 S ST LAWRENCE AVE,60628,PASSIVE PARK
AUBURN,406 W WINNECONNA PKWY,60620,PASSIVE PARK
LEVIN (JOHN),462 N PINE AVE,60644,COMMUNITY PARK
AUSTIN (HENRY),5951 W LAKE ST,60644,LINEAR PARK
BARNARD (AMY L.),10441 S LONGWOOD DR,60643,NEIGHBORHOOD PARK
MID-NORTH,401 W BELDEN AVE,60614,PARKWAY PARK
BICKERDIKE (GEORGE) SQUARE,1438 W OHIO ST,60622,PASSIVE PARK
CHAMBERLAIN TRIANGLE,4233 S GREENWOOD AVE,60653,PARKWAY PARK
MULBERRY POINT,5873 N NINA AVE,60631,PARKWAY PARK
DIXON (LORRAINE),8931 S DAUPHIN AVE,60619,LINEAR PARK
DICKINSON (ARTHUR),4117 N LAVERGNE AVE,60641,NEIGHBORHOOD PARK
GREEN (JEFFREY),6500 N ALGONQUIN AVE,60646,NEIGHBORHOOD PARK
ELLIS (SAMUEL),600 E 37TH ST,60653,COMMUNITY PARK
EUGENIE TRIANGLE,1707 N LA SALLE ST,60614,PARKWAY PARK
MARIANO (LOUIS),1031 N RUSH ST,60611,PARKWAY PARK
FERNWOOD PKWY.,9501 S EGGLESTON AVE,60628,LINEAR PARK
HODES (BARNET),1607 E 73RD ST,60649,PASSIVE PARK
KINZIE (JOHN) PKWY.,5200 W KINZIE ST,60644,LINEAR PARK
LILY GARDENS,632 W 71ST ST,60621,LINEAR PARK
"MELLIN (CURTIS, SR.)",1600 W BRYN MAWR AVE,60640,MINI-PARK
MYRTLE GROVE,6113 N NEVA AVE,60631,PASSIVE PARK
ADDAMS (JANE) MEML.,485 E OHIO ST,60611,PASSIVE PARK
HARRIS (RYAN) MEMORIAL,6701 S LOWE AVE,60621,LINEAR PARK
NORWOOD CIRCLE,7117 W PETERSON AVE,60631,PASSIVE PARK
PULLMAN (GEORGE),11113 S COTTAGE GROVE AVE,60628,PASSIVE PARK
CENTENNIAL,6086 N NORTHWEST HWY,60631,PASSIVE PARK
BUTTERNUT,5324 S WOODLAWN AVE,60615,MINI-PARK
SENECA,228 E CHICAGO AVE,60611,NEIGHBORHOOD PARK
WASHINGTON SQUARE,901 N CLARK ST,60610,PASSIVE PARK
HARTIGAN (DAVID) BEACH,1040 W ALBION AVE,60626,NEIGHBORHOOD PARK
DORIA (HELEN) BEACH,1040 W COLUMBIA AVE,60626,PASSIVE PARK
FARGO (JAMES) BEACH,1300 W FARGO AVE,60626,PASSIVE PARK
BERGER (ALBERT),6227 N SHERIDAN RD,60660,NEIGHBORHOOD PARK
HOWARD (URE) BEACH,1300 W HOWARD ST,60626,NEIGHBORHOOD PARK
GRIFFIN (MARION MAHONY),1234 W JARVIS AVE,60626,NEIGHBORHOOD PARK
PARK NO. 593,4546 N KEDVALE AVE,60630,UNIMPROVED PARK
JUNEWAY BEACH,7751 N EASTLAKE TER,60626,NEIGHBORHOOD PARK
NORTH SHORE BEACH,1040 W NORTH SHORE AVE,60626,PASSIVE PARK
PRINZ (TOBEY) BEACH,1050 W PRATT BLVD,60626,PASSIVE PARK
ROGERS (PHILLIP) BEACH,7705 N EASTLAKE TERRACE,60626,NEIGHBORHOOD PARK
LANE (GEORGE) BEACH,1000 W THORNDALE AVE,60660,PASSIVE PARK
LYLE (JOHN),7700 S WALLACE ST,60620,LINEAR PARK
MIDWAY PLAISANCE,5950 S WOODLAWN AVE,60637,LINEAR PARK
JONQUIL,1023 W WRIGHTWOOD AVE,60614,NEIGHBORHOOD PARK
SUMAC,4201 S CHAMPLAIN AVE,60653,MINI-PARK
SYCAMORE,5109 S GREENWOOD AVE,60615,NEIGHBORHOOD PARK
CHESTNUT,7005 S DANTE AVE,60637,MINI-PARK
EVERGREEN,631 W BELMONT AVE,60657,MINI-PARK
CLOVER,2210 N SOUTHPORT AVE,60614,MINI-PARK
RUIZ (IRMA C.),3801 W 45TH ST,60632,NEIGHBORHOOD PARK
CEDAR,5315 N WINTHROP AVE,60640,MINI-PARK
AIELLO (JOHN),2133 N MCVICKER AVE,60639,MINI-PARK
FILBERT,1822 W LARCHMONT AVE,60613,MINI-PARK
MAPLE,2047 N SPAULDING AVE,60647,MINI-PARK
MULBERRY,3150 S ROBINSON CT,60608,NEIGHBORHOOD PARK
PARK NO. 591,3906 S LAKE PARK AVE,60653,PASSIVE PARK
LEE (JOHN),3700 W 87TH ST,60652,MINI-PARK
PINE,9507 S OGLESBY AVE,60617,MINI-PARK
JACOLIK (FLORIAN S.),2731 S ELEANOR ST,60608,MINI-PARK
PARK NO. 565,11600 S TORRENCE AVE,60617,NATURE PRESERVE PARK
BLOOMINGDALE TRAIL,1601-3701 W BLOOMINGDALE AVE,60647,LINEAR PARK
PARK NO. 582,9202-35 S VANDERPOEL AVE,60643,UNIMPROVED PARK
PARK NO. 583,10108 S EXCHANGE AVE,60617,MINI-PARK
PARK NO. 585,6049 S WHIPPLE ST,60629,UNIMPROVED PARK
PARK NO. 586,7208 S MAPLEWOOD AVE,60629,UNIMPROVED PARK
PARK NO. 587,658 E 95th ST,60619,UNIMPROVED PARK
PARK NO. 584,134 W 119th ST,60628,MINI-PARK
PARK NO. 588,10440-44 S CORLISS AVE,60628,MINI-PARK
PARK NO. 595,247 W 128TH ST,60628,NATURE PRESERVE PARK
PARK NO. 594,3159 S HALSTED ST,60608,UNIMPROVED PARK
PARK NO. 589,227 W 110TH PL,60628,UNIMPROVED PARK
PARK NO. 590,3938-40 S INDIANA AVE,60653,PASSIVE PARK
PARK NO. 592,4149-53 S VINCENNES AVE,60653,PASSIVE PARK
PARK NO. 596,4830 S WESTERN AVE,60632,UNIMPROVED PARK
PARK NO. 597,12500 S TORRENCE AVE,60633,NATURE PRESERVE PARK
PARK NO. 598,1514 N LARRABEE ST,60610,UNIMPROVED PARK
